instance,seed,run,solution_type,time_us,nodes,unique_nodes,backtracks,dominance_moves,states_removed_from_cache,cache_size,cache_buckets,max_depth,final_depth,resident_memory_bytes,solver_resident_bytes,streamliner,cache_capacity,timeout_ms,solver_commit
klondike_1,1,1,UNWINNABLE,1760478,158295,71088,158294,19778,0,51310,100000000,23,0,2323005440,2323005440,none,,60000,2c64eea
klondike_2,2,1,SOLVED,516215,241,143,150,29,0,114,100000000,91,91,3202744320,3202744320,none,,60000,2c64eea
klondike_3,3,1,SOLVED,863371,927898,276807,927808,64639,1,212167,100000000,92,90,3202826240,3202826240,none,,60000,2c64eea
klondike_4,4,1,SOLVED,287935,4307,2215,4203,843,0,1372,100000000,104,104,3202744320,3202744320,none,,60000,2c64eea
klondike_5,5,1,SOLVED,300885,17132,7685,17013,2414,0,5271,100000000,119,119,3202793472,3202793472,none,,60000,2c64eea
klondike_6,6,1,SOLVED,316666,23432,9759,23329,288,0,9471,100000000,103,103,3202760704,3202760704,none,,60000,2c64eea
klondike_7,7,1,SOLVED,339950,83902,15371,83809,248,0,15123,100000000,93,93,3202826240,3202826240,none,,60000,2c64eea
klondike_8,8,1,SOLVED,7383808,12701192,2731992,12701101,259264,981,2471747,100000000,91,91,3202793472,3202793472,none,,60000,2c64eea
klondike_9,9,1,SOLVED,324667,2290,389,2203,29,0,360,100000000,87,87,3202809856,3202809856,none,,60000,2c64eea
klondike_10,10,1,SOLVED,329643,68488,14968,68393,431,0,14537,100000000,95,95,3202793472,3202793472,none,,60000,2c64eea
klondike_11,11,1,SOLVED,281299,419,188,321,37,0,151,100000000,98,98,3202727936,3202727936,none,,60000,2c64eea
klondike_12,12,1,SOLVED,283169,127,89,38,26,0,63,100000000,89,89,3202727936,3202727936,none,,60000,2c64eea
klondike_13,13,1,SOLVED,282010,247,112,156,29,0,83,100000000,91,91,3202711552,3202711552,none,,60000,2c64eea
klondike_14,14,1,SOLVED,286844,18078,2492,17995,228,0,2264,100000000,83,83,3202744320,3202744320,none,,60000,2c64eea
klondike_15,15,1,UNWINNABLE,33475871,60841128,18659625,60841127,7128562,100809,11430254,100000000,94,0,3202777088,3202777088,none,,60000,2c64eea
klondike_16,16,1,SOLVED,1934994,3339681,1200732,3339590,648280,12,552440,100000000,91,91,3202793472,3202793472,none,,60000,2c64eea
klondike_17,17,1,SOLVED,277565,3212,1126,3123,676,0,450,100000000,89,89,3202809856,3202809856,none,,60000,2c64eea
klondike_18,18,1,SOLVED,282038,3359,1029,3255,82,0,947,100000000,104,104,3202760704,3202760704,none,,60000,2c64eea
klondike_19,19,1,UNWINNABLE,281055,880,445,879,119,0,326,100000000,11,0,3202744320,3202744320,none,,60000,2c64eea
klondike_20,20,1,SOLVED,280111,113,91,33,33,0,58,100000000,80,80,3202711552,3202711552,none,,60000,2c64eea
klondike_21,21,1,UNWINNABLE,277766,41,30,40,0,0,30,100000000,4,0,3202678784,3202678784,none,,60000,2c64eea
klondike_22,22,1,TIMEOUT,60276797,157986277,72487917,157986240,54411121,360303,17716493,100000000,211,37,3202859008,3202859008,none,,60000,2c64eea
klondike_23,23,1,SOLVED,276968,96,85,11,35,0,50,100000000,85,85,3202711552,3202711552,none,,60000,2c64eea
klondike_24,24,1,SOLVED,269581,166,87,79,27,0,60,100000000,87,87,3202727936,3202727936,none,,60000,2c64eea
klondike_25,25,1,SOLVED,266454,253,132,149,34,0,98,100000000,104,104,3202727936,3202727936,none,,60000,2c64eea
klondike_26,26,1,SOLVED,266531,160,100,70,32,0,68,100000000,90,90,3202727936,3202727936,none,,60000,2c64eea
klondike_27,27,1,SOLVED,262467,124,83,41,30,0,53,100000000,83,83,3202727936,3202727936,none,,60000,2c64eea
klondike_28,28,1,SOLVED,278424,15280,4369,15192,40,0,4329,100000000,88,88,3202793472,3202793472,none,,60000,2c64eea
klondike_29,29,1,UNWINNABLE,263217,2,2,1,1,0,1,100000000,1,0,3202662400,3202662400,none,,60000,2c64eea
klondike_30,30,1,SOLVED,270998,94,78,16,27,0,51,100000000,78,78,3202744320,3202744320,none,,60000,2c64eea
klondike_31,31,1,UNWINNABLE,7817525,14289856,4822547,14289855,1872755,1579,2948213,100000000,153,0,3202793472,3202793472,none,,60000,2c64eea
klondike_32,32,1,SOLVED,392522,254423,52036,254332,7514,0,44522,100000000,91,91,3202777088,3202777088,none,,60000,2c64eea
klondike_33,33,1,UNWINNABLE,24553312,35491192,11580842,35491191,1548210,71537,9961095,100000000,44,0,3202809856,3202809856,none,,60000,2c64eea
klondike_34,34,1,SOLVED,738704,744357,303968,744283,144145,0,159823,100000000,74,74,3202826240,3202826240,none,,60000,2c64eea
klondike_35,35,1,SOLVED,277125,7335,2453,7241,490,0,1963,100000000,94,94,3202793472,3202793472,none,,60000,2c64eea
klondike_36,36,1,SOLVED,273118,229,136,130,38,0,98,100000000,99,99,3202711552,3202711552,none,,60000,2c64eea
klondike_37,37,1,SOLVED,278488,123,90,35,31,0,59,100000000,88,88,3202744320,3202744320,none,,60000,2c64eea
klondike_38,38,1,SOLVED,272914,123,94,34,31,0,63,100000000,89,89,3202727936,3202727936,none,,60000,2c64eea
klondike_39,39,1,TIMEOUT,60306048,113888113,32362872,113888079,10438440,606499,21317933,100000000,74,34,3202809856,3202809856,none,,60000,2c64eea
klondike_40,40,1,UNWINNABLE,269941,160,88,159,0,0,88,100000000,7,0,3202711552,3202711552,none,,60000,2c64eea
klondike_41,41,1,SOLVED,268705,265,98,174,25,0,73,100000000,91,91,3202777088,3202777088,none,,60000,2c64eea
klondike_42,42,1,SOLVED,287428,113,98,22,31,0,67,100000000,91,91,3202727936,3202727936,none,,60000,2c64eea
klondike_43,43,1,UNWINNABLE,411890,223921,80337,223920,21861,0,58476,100000000,22,0,3202793472,3202793472,none,,60000,2c64eea
klondike_44,44,1,SOLVED,268512,230,106,124,29,0,77,100000000,106,106,3202727936,3202727936,none,,60000,2c64eea
klondike_45,45,1,UNWINNABLE,264677,2942,1488,2941,308,0,1180,100000000,14,0,3202777088,3202777088,none,,60000,2c64eea
klondike_46,46,1,SOLVED,264298,228,151,148,26,0,125,100000000,80,80,3202727936,3202727936,none,,60000,2c64eea
klondike_47,47,1,SOLVED,259325,331,100,248,27,0,73,100000000,83,83,3202711552,3202711552,none,,60000,2c64eea
klondike_48,48,1,SOLVED,4658748,8161103,2693318,8161010,1021240,369,1671709,100000000,93,93,3202777088,3202777088,none,,60000,2c64eea
klondike_49,49,1,SOLVED,284830,593,223,494,30,0,193,100000000,99,99,3202744320,3202744320,none,,60000,2c64eea
klondike_50,50,1,SOLVED,277664,115,84,31,26,0,58,100000000,84,84,3202760704,3202760704,none,,60000,2c64eea
